{"cameraMode":{"drawMode":0,"name":"Shaded","section":"Shading Mode"},"sceneLighting":false,"audioPlay":false,"sceneViewState":{"showFog":true,"showMaterialUpdate":false,"showSkybox":false,"showFlares":true,"showImageEffects":true,"showParticleSystems":true},"in2DMode":false,"pivot":{"x":2.5309290885925295,"y":3.7028656005859377,"z":-21.938987731933595},"rotation":{"x":0.30124932527542117,"y":3.130331265310815e-7,"z":0.0000027590110676101178,"w":0.953555703163147},"size":22.0,"orthographic":false}