{"cameraMode":{"drawMode":0,"name":"Shaded","section":"Shading Mode"},"sceneLighting":false,"audioPlay":false,"sceneViewState":{"showFog":true,"showMaterialUpdate":false,"showSkybox":false,"showFlares":true,"showImageEffects":true,"showParticleSystems":true},"in2DMode":false,"pivot":{"x":2.5309290885925295,"y":3.7028656005859377,"z":-21.938987731933595},"rotation":{"x":0.36068564653396609,"y":2.187311025636518e-7,"z":0.000002282138211739948,"w":0.9326972961425781},"size":4.041658401489258,"orthographic":false}